matrix,scaling_type,read_mode,mpi_ranks,omp_threads,status,spmv_total_p90_ms,spmv_comm_p90_ms,spmv_comp_p90_ms,gflops,dist_sum_mb,iter_sum_mb,nnz_min,nnz_avg,nnz_max
matrices/strong/af_shell9.mtx,strong,mpiio,1,2,OK,19.730,0.891,18.838,1.782992,268.385,3.852,17588875,17588875.00,17588875
matrices/strong/af_shell9.mtx,strong,mpiio,1,4,OK,19.809,0.898,18.910,1.775868,268.385,3.852,17588875,17588875.00,17588875
matrices/strong/af_shell9.mtx,strong,mpiio,1,8,OK,20.987,0.883,20.103,1.676185,268.385,3.852,17588875,17588875.00,17588875
matrices/strong/af_shell9.mtx,strong,mpiio,2,2,OK,10.605,0.391,10.213,3.317060,268.385,3.852,8794243,8794436.50,8794630
matrices/strong/af_shell9.mtx,strong,mpiio,2,4,OK,11.354,0.427,10.927,3.098212,268.385,3.852,8794243,8794436.50,8794630
matrices/strong/af_shell9.mtx,strong,mpiio,2,8,OK,10.884,0.414,10.469,3.232117,268.385,3.852,8794243,8794436.50,8794630
matrices/strong/af_shell9.mtx,strong,mpiio,4,2,OK,11.723,11.218,0.504,3.000857,268.385,7.703,24336,4397217.25,8770292
matrices/strong/af_shell9.mtx,strong,mpiio,4,4,OK,11.973,1.275,10.698,2.937995,268.385,7.703,24336,4397217.25,8770292
matrices/strong/af_shell9.mtx,strong,mpiio,4,8,OK,12.689,11.738,0.951,2.772329,268.385,7.703,24336,4397217.25,8770292
matrices/strong/af_shell9.mtx,strong,mpiio,8,2,OK,7.864,7.477,0.387,4.472990,268.385,7.703,0,2198607.62,4388901
matrices/strong/af_shell9.mtx,strong,mpiio,8,4,OK,7.854,0.731,7.122,4.478829,268.385,7.703,0,2198607.62,4388901
matrices/strong/af_shell9.mtx,strong,mpiio,8,8,OK,8.357,0.751,7.606,4.209348,268.385,7.703,0,2198607.62,4388901
matrices/strong/af_shell9.mtx,strong,mpiio,16,2,OK,10.561,9.424,1.137,3.330909,268.385,15.407,0,1099303.00,4372112
matrices/strong/af_shell9.mtx,strong,mpiio,16,4,OK,10.857,9.264,1.593,3.240204,268.385,15.407,0,1099303.00,4372112
matrices/strong/af_shell9.mtx,strong,mpiio,16,8,OK,7.723,6.888,0.835,4.554731,268.385,15.407,0,1099303.00,4372112
matrices/strong/af_shell9.mtx,strong,mpiio,32,2,OK,13.839,13.355,0.484,2.541919,268.384,15.407,0,549650.59,2194741
matrices/strong/af_shell9.mtx,strong,mpiio,32,4,OK,5.206,4.504,0.701,6.757612,268.384,15.407,0,549650.59,2194741
matrices/strong/af_shell9.mtx,strong,mpiio,64,2,OK,13.959,10.110,3.850,2.519987,268.383,30.814,0,274824.38,2186545
matrices/strong/thermal2.mtx,strong,mpiio,1,2,OK,18.810,2.133,16.677,0.912301,130.925,9.369,8580313,8580313.00,8580313
matrices/strong/thermal2.mtx,strong,mpiio,1,4,OK,18.968,2.156,16.813,0.904698,130.925,9.369,8580313,8580313.00,8580313
matrices/strong/thermal2.mtx,strong,mpiio,1,8,OK,19.292,2.125,17.166,0.889526,130.925,9.369,8580313,8580313.00,8580313
matrices/strong/thermal2.mtx,strong,mpiio,2,2,OK,10.056,1.087,8.968,1.706543,130.925,9.369,4275106,4290155.50,4305205
matrices/strong/thermal2.mtx,strong,mpiio,2,4,OK,10.269,1.084,9.184,1.671160,130.925,9.369,4275106,4290155.50,4305205
matrices/strong/thermal2.mtx,strong,mpiio,2,8,OK,10.580,1.090,9.489,1.622050,130.925,9.369,4275106,4290155.50,4305205
matrices/strong/thermal2.mtx,strong,mpiio,4,2,OK,13.350,3.516,9.833,1.285438,130.925,18.738,189590,2145076.75,4115613
matrices/strong/thermal2.mtx,strong,mpiio,4,4,OK,13.784,3.641,10.143,1.244972,130.925,18.738,189590,2145076.75,4115613
matrices/strong/thermal2.mtx,strong,mpiio,4,8,OK,14.260,11.628,2.632,1.203405,130.925,18.738,189590,2145076.75,4115613
matrices/strong/thermal2.mtx,strong,mpiio,8,2,OK,9.448,7.870,1.578,1.816311,130.925,18.738,16962,1072537.50,2132281
matrices/strong/thermal2.mtx,strong,mpiio,8,4,OK,9.613,2.308,7.304,1.785227,130.925,18.738,16962,1072537.50,2132281
matrices/strong/thermal2.mtx,strong,mpiio,8,8,OK,10.151,7.953,2.198,1.690548,130.925,18.738,16962,1072537.50,2132281
matrices/strong/thermal2.mtx,strong,mpiio,16,2,OK,16.374,13.429,2.944,1.048046,130.925,37.477,11,536267.88,2056376
matrices/strong/thermal2.mtx,strong,mpiio,16,4,OK,16.547,13.155,3.391,1.037053,130.925,37.477,11,536267.88,2056376
matrices/strong/thermal2.mtx,strong,mpiio,16,8,OK,10.404,8.084,2.320,1.649403,130.925,37.477,11,536267.88,2056376
matrices/strong/thermal2.mtx,strong,mpiio,32,2,OK,14.943,13.031,1.912,1.148390,130.924,37.477,0,268133.31,1072170
matrices/strong/thermal2.mtx,strong,mpiio,32,4,OK,7.771,5.852,1.920,2.208139,130.924,37.477,0,268133.31,1072170
matrices/strong/thermal2.mtx,strong,mpiio,64,2,OK,15.737,13.093,2.644,1.090463,130.924,74.954,0,134065.73,1023518
matrices/strong/poisson.mtx,strong,mpiio,1,2,OK,0.459,0.010,0.449,1.536439,5.383,0.103,352762,352762.00,352762
matrices/strong/poisson.mtx,strong,mpiio,1,4,OK,0.648,0.010,0.639,1.088335,5.383,0.103,352762,352762.00,352762
matrices/strong/poisson.mtx,strong,mpiio,1,8,OK,1.008,0.010,0.998,0.699736,5.383,0.103,352762,352762.00,352762
matrices/strong/poisson.mtx,strong,mpiio,2,2,OK,0.311,0.005,0.306,2.269305,5.383,0.103,146394,176380.50,206367
matrices/strong/poisson.mtx,strong,mpiio,2,4,OK,0.492,0.005,0.488,1.433014,5.383,0.103,146394,176380.50,206367
matrices/strong/poisson.mtx,strong,mpiio,2,8,OK,0.849,0.004,0.845,0.830762,5.383,0.103,146394,176380.50,206367
matrices/strong/poisson.mtx,strong,mpiio,4,2,OK,0.257,0.064,0.193,2.739960,5.383,0.206,67571,88189.75,127544
matrices/strong/poisson.mtx,strong,mpiio,4,4,OK,0.438,0.067,0.371,1.610864,5.383,0.206,67571,88189.75,127544
matrices/strong/poisson.mtx,strong,mpiio,4,8,OK,0.832,0.064,0.768,0.847653,5.383,0.206,67571,88189.75,127544
matrices/strong/poisson.mtx,strong,mpiio,8,2,OK,0.206,0.040,0.166,3.417002,5.383,0.206,27658,44094.38,78892
matrices/strong/poisson.mtx,strong,mpiio,8,4,OK,0.410,0.045,0.365,1.721421,5.383,0.206,27658,44094.38,78892
matrices/strong/poisson.mtx,strong,mpiio,8,8,OK,0.803,0.040,0.762,0.878861,5.383,0.206,27658,44094.38,78892
matrices/strong/poisson.mtx,strong,mpiio,16,2,OK,0.210,0.070,0.139,3.366389,5.382,0.412,12352,22046.69,50813
matrices/strong/poisson.mtx,strong,mpiio,16,4,OK,0.424,0.049,0.375,1.665198,5.382,0.412,12352,22046.69,50813
matrices/strong/poisson.mtx,strong,mpiio,16,8,OK,0.788,0.040,0.747,0.895598,5.382,0.412,12352,22046.69,50813
matrices/strong/poisson.mtx,strong,mpiio,32,2,OK,0.164,0.022,0.141,4.300771,5.382,0.412,4372,11022.88,32455
matrices/strong/poisson.mtx,strong,mpiio,32,4,OK,0.372,0.035,0.337,1.895535,5.382,0.412,4372,11022.88,32455
matrices/strong/poisson.mtx,strong,mpiio,64,2,OK,0.178,0.041,0.138,3.960726,5.382,0.825,1523,5510.94,22151
matrices/strong/amazon0312.mtx,strong,mpiio,1,2,OK,8.653,0.644,8.009,0.739736,48.835,3.057,3200440,3200440.00,3200440
matrices/strong/amazon0312.mtx,strong,mpiio,1,4,OK,9.026,0.658,8.368,0.709156,48.835,3.057,3200440,3200440.00,3200440
matrices/strong/amazon0312.mtx,strong,mpiio,1,8,OK,9.350,0.653,8.696,0.684599,48.835,3.057,3200440,3200440.00,3200440
matrices/strong/amazon0312.mtx,strong,mpiio,2,2,OK,4.856,0.302,4.554,1.318173,48.835,3.057,1484882,1600219.50,1715557
matrices/strong/amazon0312.mtx,strong,mpiio,2,4,OK,5.292,0.311,4.981,1.209444,48.835,3.057,1484882,1600219.50,1715557
matrices/strong/amazon0312.mtx,strong,mpiio,2,8,OK,5.500,0.309,5.191,1.163779,48.835,3.057,1484882,1600219.50,1715557
matrices/strong/amazon0312.mtx,strong,mpiio,4,2,OK,5.249,3.968,1.281,1.219552,48.835,6.115,120337,800109.25,1595219
matrices/strong/amazon0312.mtx,strong,mpiio,4,4,OK,5.441,3.920,1.521,1.176374,48.835,6.115,120337,800109.25,1595219
matrices/strong/amazon0312.mtx,strong,mpiio,4,8,OK,5.685,3.920,1.765,1.125905,48.835,6.115,120337,800109.25,1595219
matrices/strong/amazon0312.mtx,strong,mpiio,8,2,OK,3.420,2.222,1.197,1.871666,48.835,6.115,13349,400054.12,812212
matrices/strong/amazon0312.mtx,strong,mpiio,8,4,OK,3.586,2.185,1.400,1.785170,48.835,6.115,13349,400054.12,812212
matrices/strong/amazon0312.mtx,strong,mpiio,8,8,OK,3.996,2.168,1.828,1.601669,48.835,6.115,13349,400054.12,812212
matrices/strong/amazon0312.mtx,strong,mpiio,16,2,OK,4.882,4.368,0.514,1.311214,48.835,12.229,3775,200026.56,712093
matrices/strong/amazon0312.mtx,strong,mpiio,16,4,OK,5.116,4.341,0.775,1.251205,48.835,12.229,3775,200026.56,712093
matrices/strong/amazon0312.mtx,strong,mpiio,16,8,OK,3.126,1.548,1.577,2.047835,48.835,12.229,3775,200026.56,712093
matrices/strong/amazon0312.mtx,strong,mpiio,32,2,OK,14.027,13.809,0.217,0.456333,48.834,12.229,864,100012.91,369238
matrices/strong/amazon0312.mtx,strong,mpiio,32,4,OK,2.119,1.642,0.477,3.020591,48.834,12.229,864,100012.91,369238
matrices/strong/amazon0312.mtx,strong,mpiio,64,2,OK,12.948,11.663,1.284,0.494361,48.834,24.458,0,50005.95,296398
matrices/strong/ecology2.mtx,strong,mpiio,1,2,OK,7.471,1.720,5.751,1.337506,76.233,7.629,4995991,4995991.00,4995991
matrices/strong/ecology2.mtx,strong,mpiio,1,4,OK,7.791,1.721,6.070,1.282496,76.233,7.629,4995991,4995991.00,4995991
matrices/strong/ecology2.mtx,strong,mpiio,1,8,OK,8.048,1.720,6.327,1.241576,76.233,7.629,4995991,4995991.00,4995991
matrices/strong/ecology2.mtx,strong,mpiio,2,2,OK,4.040,0.874,3.165,2.473406,76.233,7.629,2497989,2497994.50,2498000
matrices/strong/ecology2.mtx,strong,mpiio,2,4,OK,4.165,0.859,3.306,2.399072,76.233,7.629,2497989,2497994.50,2498000
matrices/strong/ecology2.mtx,strong,mpiio,2,8,OK,4.553,0.848,3.705,2.194554,76.233,7.629,2497989,2497994.50,2498000
matrices/strong/ecology2.mtx,strong,mpiio,4,2,OK,7.103,5.929,1.174,1.406685,76.233,15.259,1000,1248996.25,2496998
matrices/strong/ecology2.mtx,strong,mpiio,4,4,OK,7.443,6.019,1.423,1.342517,76.233,15.259,1000,1248996.25,2496998
matrices/strong/ecology2.mtx,strong,mpiio,4,8,OK,7.695,2.874,4.820,1.298508,76.233,15.259,1000,1248996.25,2496998
matrices/strong/ecology2.mtx,strong,mpiio,8,2,OK,5.702,1.820,3.881,1.752427,76.233,15.259,0,624497.25,1248498
matrices/strong/ecology2.mtx,strong,mpiio,8,4,OK,5.824,4.495,1.328,1.715696,76.233,15.259,0,624497.25,1248498
matrices/strong/ecology2.mtx,strong,mpiio,8,8,OK,6.228,4.540,1.688,1.604245,76.233,15.259,0,624497.25,1248498
matrices/strong/ecology2.mtx,strong,mpiio,16,2,OK,11.486,9.051,2.434,0.869955,76.232,30.518,0,312247.88,1247495
matrices/strong/ecology2.mtx,strong,mpiio,16,4,OK,11.631,9.142,2.488,0.859077,76.232,30.518,0,312247.88,1247495
matrices/strong/ecology2.mtx,strong,mpiio,16,8,OK,6.361,4.634,1.727,1.570868,76.232,30.518,0,312247.88,1247495
matrices/strong/ecology2.mtx,strong,mpiio,32,2,OK,14.700,13.484,1.216,0.679734,76.232,30.518,0,156123.16,623746
matrices/strong/ecology2.mtx,strong,mpiio,32,4,OK,5.141,3.799,1.341,1.943470,76.232,30.518,0,156123.16,623746
matrices/strong/ecology2.mtx,strong,mpiio,64,2,OK,15.380,14.068,1.312,0.649655,76.231,61.035,0,78060.81,622739
matrices/strong/webbase-1M.mtx,strong,mpiio,1,2,OK,7.672,1.721,5.951,0.809544,47.387,7.629,3105536,3105536.00,3105536
matrices/strong/webbase-1M.mtx,strong,mpiio,1,4,OK,7.718,1.709,6.008,0.804792,47.387,7.629,3105536,3105536.00,3105536
matrices/strong/webbase-1M.mtx,strong,mpiio,1,8,OK,8.116,1.713,6.403,0.765264,47.387,7.629,3105536,3105536.00,3105536
matrices/strong/webbase-1M.mtx,strong,mpiio,2,2,OK,4.195,0.755,3.441,1.480429,47.387,7.629,1441749,1552767.50,1663786
matrices/strong/webbase-1M.mtx,strong,mpiio,2,4,OK,4.351,0.751,3.600,1.427458,47.387,7.629,1441749,1552767.50,1663786
matrices/strong/webbase-1M.mtx,strong,mpiio,2,8,OK,4.737,0.763,3.974,1.311144,47.387,7.629,1441749,1552767.50,1663786
matrices/strong/webbase-1M.mtx,strong,mpiio,4,2,OK,7.451,6.070,1.381,0.833582,47.387,15.259,25547,776383.25,1638238
matrices/strong/webbase-1M.mtx,strong,mpiio,4,4,OK,7.560,5.973,1.587,0.821568,47.387,15.259,25547,776383.25,1638238
matrices/strong/webbase-1M.mtx,strong,mpiio,4,8,OK,7.869,6.022,1.848,0.789260,47.387,15.259,25547,776383.25,1638238
matrices/strong/webbase-1M.mtx,strong,mpiio,8,2,OK,5.945,4.508,1.437,1.044717,47.387,15.259,1536,388191.12,1049502
matrices/strong/webbase-1M.mtx,strong,mpiio,8,4,OK,6.012,4.464,1.547,1.033157,47.387,15.259,1536,388191.12,1049502
matrices/strong/webbase-1M.mtx,strong,mpiio,8,8,OK,6.542,4.643,1.898,0.949417,47.387,15.259,1536,388191.12,1049502
matrices/strong/webbase-1M.mtx,strong,mpiio,16,2,OK,11.600,8.042,3.558,0.535434,47.386,30.518,140,194095.06,990183
matrices/strong/webbase-1M.mtx,strong,mpiio,16,4,OK,11.665,2.764,8.900,0.532468,47.386,30.518,140,194095.06,990183
matrices/strong/webbase-1M.mtx,strong,mpiio,16,8,OK,6.645,5.185,1.459,0.934733,47.386,30.518,140,194095.06,990183
matrices/strong/webbase-1M.mtx,strong,mpiio,32,2,OK,14.934,3.703,11.230,0.415909,47.386,30.518,53,97047.03,695147
matrices/strong/webbase-1M.mtx,strong,mpiio,32,4,OK,5.641,4.396,1.244,1.101144,47.386,30.518,53,97047.03,695147
matrices/strong/webbase-1M.mtx,strong,mpiio,64,2,OK,14.912,13.664,1.247,0.416516,47.386,61.035,12,48523.03,552282
matrices/weak/poisson_weak_1.mtx,weak,mpiio,1,4,OK,0.341,0.005,0.336,0.430689,1.122,0.081,73522,73522.00,73522
matrices/weak/poisson_weak_2.mtx,weak,mpiio,2,4,OK,0.339,0.005,0.334,0.804981,2.079,0.150,68129,68132.50,68136
matrices/weak/poisson_weak_4.mtx,weak,mpiio,4,4,OK,0.488,0.086,0.402,1.117151,4.162,0.600,1190,68185.50,135182
matrices/weak/poisson_weak_8.mtx,weak,mpiio,8,4,OK,0.551,0.096,0.454,2.006402,8.434,1.213,0,69093.62,137243
matrices/weak/poisson_weak_16.mtx,weak,mpiio,16,4,OK,1.192,0.729,0.463,1.839253,16.728,4.805,0,68517.50,269615
matrices/weak/poisson_weak_32.mtx,weak,mpiio,32,4,OK,1.190,0.752,0.438,3.682765,33.441,9.596,0,68487.09,270432
